{"nParams":4,"paramInitBounds":{"4":[1.3e-6,1.8e-6],"2":[0.11,0.16],"3":[25,34],"1":[0.021,0.032]},"paramBounds":{"4":[0,0.02],"2":[0,0.5],"3":[0,400],"1":[0,1.0]},"paramNamesWithExtra":["sigRho","sigR","kc","kw","did_accept","loglik"],"resampleLogLikFreq":5,"period":1,"proposalVariances":[0.004,0.024,4.3,1.4e-7],"nSteps":10000,"paramNames":["sigRho","sigR","kc","kw"],"paramPriorDists":{"4":{"a":0.0,"b":0.02},"2":{"a":0.0,"b":0.5},"3":{"a":0.0,"b":400.0},"1":{"untruncated":{"μ":0.024,"σ":0.008160499922185493},"lower":0.0,"upper":null,"lcdf":0.001635792258234687,"ucdf":1.0,"tp":0.9983642077417653,"logtp":-0.0016371316272096664}},"estimated":[true,true,true,true],"mmhSave":10}